{"Loss": 84.03169208019972, "_runtime": 941, "_timestamp": 1632400857, "_step": 399, "Val Loss": 5.798243045806885, "Acc": 5.5, "Val ACC": 0.0, "_wandb": {"runtime": 939}}