{"Loss": 0.07589786872267723, "_runtime": 194, "_timestamp": 1632401188, "_step": 399, "Val Loss": 0.026760712265968323, "Acc": 5.55, "Val ACC": 0.3, "_wandb": {"runtime": 192}}